Stock	total_return	cagr	max_drawdown	calmar	mtd	three_month	six_month	ytd	one_year	three_year	five_year	ten_year	incep	daily_sharpe	daily_sortino	daily_mean	daily_vol	daily_skew	daily_kurt	best_day	worst_day	monthly_sharpe	monthly_sortino	monthly_mean	monthly_vol	monthly_skew	monthly_kurt	best_month	worst_month	yearly_sharpe	yearly_sortino	yearly_mean	yearly_vol	yearly_skew	yearly_kurt	best_year	worst_year	avg_drawdown	avg_drawdown_days	avg_up_month	avg_down_month	win_year_perc	twelve_month_win_perc
AAPL	3.266950271	0.132203934	-0.424150249	0.311691279	-0.01883685	0.181270197	0.241623402	0.122691896	0.312626456	0.175763747	0.220700675	0.146530851	0.132203934	0.624477789	0.984949351	0.155178534	0.24849328	-0.059874046	9.96051996	0.119808096	-0.128646793	0.642666671	1.252006542	0.152443601	0.237204773	0.294196287	0.993523821	0.214379558	-0.184044145	0.588721095	2.766132382	0.171373332	0.291094261	0.97212075	0.943334902	0.807456959	-0.191104267	-0.063621815	76.29166667	0.076184441	-0.027156408	0.636363636	0.638461538
ADBE	14.618248	0.265172	-0.303408	0.873977	-0.007172	0.230467	0.507835	0.317562	0.38357	0.315821	0.432911	0.347889	0.265172	1.01973	1.68116	0.270462	0.265229	0.47343	12.864734	0.177192	-0.147451	1.289981	2.948786	0.257107	0.199311	0.259597	0.145498	0.174151	-0.121154	1.264529	5.723132	0.305622	0.241688	-0.257893	0.653155	0.70218	-0.177112	-0.034489	22.509934	0.058128	-0.028962	0.909091	0.869231
ADI	1.856757	0.093989	-0.339781	0.276617	0.042896	0.015537	0.155186	0.150338	0.487163	0.161775	0.196254	0.130517	0.093989	0.481616	0.762722	0.122056	0.253431	-0.012856	13.592347	0.146976	-0.166147	0.524271	1.006451	0.112924	0.215393	0.406019	1.674729	0.22253	-0.177899	0.908792	4.364609	0.105732	0.116343	-0.004359	-1.076081	0.288426	-0.080836	-0.050863	51.928571	0.055719	-0.031892	0.727273	0.723077
ADP	2.233285	0.105642	-0.398226	0.265283	-0.039273	0.003849	0.060346	0.113941	0.113941	0.020868	0.104418	0.127057	0.105642	0.610542	0.931559	0.119858	0.196315	-0.398353	22.576746	0.118032	-0.152522	0.75284	1.441493	0.111853	0.148575	0.16901	1.63904	0.160544	-0.116709	0.805145	2.294244	0.122036	0.15157	0.138108	1.707279	0.419284	-0.176418	-0.034034	34.980198	0.039354	-0.021583	0.909091	0.830769
ADSK	1.544602	0.083209	-0.490973	0.169479	-0.082747	0.024972	0.078854	-0.068479	0.246396	0.076757	0.228476	0.146576	0.083209	0.417378	0.647221	0.124536	0.298378	0.077008	12.414484	0.161985	-0.158595	0.432838	0.783333	0.11536	0.266519	0.136599	0.989992	0.240914	-0.223675	0.497843	0.980323	0.113797	0.228579	-0.984571	0.91956	0.41641	-0.38243	-0.05496	69.641509	0.072656	-0.039066	0.727273	0.692308
AEP	0.736585	0.048366	-0.329052	0.146986	-0.008261	0.011836	-0.033231	-0.033231	-0.033231	0.037958	0.036053	0.051466	0.048366	0.368499	0.559378	0.060967	0.165447	-0.060341	23.618006	0.116826	-0.115827	0.412869	0.655939	0.056972	0.13799	-0.534476	1.732687	0.117408	-0.143542	0.414208	1.33752	0.060207	0.145353	0.623022	-0.630455	0.299094	-0.138821	-0.035454	59.704918	0.033054	-0.022762	0.636364	0.607692
ALGN	11.794219	0.243761	-0.653684	0.372903	0.01646	0.177274	0.408129	0.348604	1.197466	0.012991	0.331877	0.319566	0.243761	0.756553	1.304138	0.289956	0.383259	2.144396	40.537427	0.349652	-0.204179	0.788873	1.454755	0.28567	0.362124	0.319208	6.217188	0.518128	-0.434589	0.696117	10.227052	0.3205	0.460411	1.491824	1.24678	1.311348	-0.103739	-0.052755	41.333333	0.08399	-0.045638	0.818182	0.707692
AMAT	2.7114	0.118769	-0.52736	0.225214	0.012654	-0.002333	0.214411	0.585625	1.482558	0.383486	0.288397	0.186732	0.118769	0.534176	0.82385	0.154325	0.288903	-0.392243	13.369993	0.128128	-0.203573	0.571936	1.171208	0.142178	0.248591	1.116926	5.599991	0.392531	-0.211628	0.518494	1.300518	0.179833	0.346837	-0.511726	-1.265033	0.585625	-0.391973	-0.058843	66.981818	0.07497	-0.027787	0.636364	0.553846
AMD	17.612306	0.284304	-0.491136	0.578871	-0.049856	0.289848	0.357069	0.147094	0.331983	0.468959	0.62124	0.33772	0.284304	0.815081	1.339397	0.334222	0.410048	0.420361	12.163917	0.19948	-0.242291	0.816886	1.862558	0.328576	0.402231	0.990984	3.631149	0.471773	-0.410488	0.603866	5.371174	0.430536	0.712966	1.54453	1.847045	2.088754	-0.258398	-0.095269	72	0.140318	-0.029694	0.636364	0.661538
AMGN	1.995607	0.098442	-0.273696	0.359675	0	-0.019824	0.042744	0.056155	-0.012135	0.053106	0.013609	0.122455	0.098442	0.539081	0.87595	0.117762	0.218449	0.299207	8.051428	0.108972	-0.095841	0.584397	1.068232	0.112674	0.192804	0.193272	1.531828	0.179986	-0.15644	0.662807	4.102695	0.117193	0.176812	0.507724	-1.491006	0.39629	-0.075559	-0.053368	62.8	0.047319	-0.027472	0.636364	0.684615
AMZN	16.328559	0.276473	-0.341032	0.810695	-0.000473	0.035675	0.134583	0.065159	0.092607	0.215799	0.352503	0.297979	0.276473	0.988366	1.648593	0.286085	0.289452	0.350639	8.787936	0.157439	-0.126556	1.069643	2.411216	0.279752	0.261538	0.447718	1.009623	0.268896	-0.202188	1.054457	6.017553	0.331151	0.314049	-0.040114	-1.154744	0.762548	-0.182517	-0.048731	32.439252	0.075567	-0.036981	0.909091	0.9
ANSS	4.71297	0.160837	-0.309577	0.519539	0.02258	0.112826	0.204839	0.026965	0.177017	0.227785	0.302969	0.198848	0.160837	0.715129	1.130709	0.181404	0.253666	0.190289	12.525697	0.151418	-0.123478	0.816401	1.59695	0.172178	0.210899	0.034639	0.726833	0.162442	-0.198893	0.762136	9.411291	0.194666	0.255422	0.863736	-0.688102	0.655733	-0.063011	-0.042005	32.2	0.059325	-0.030629	0.727273	0.792308
ASML	14.780883	0.266294	-0.379441	0.701805	0.031007	0.227062	0.641163	0.760989	1.405797	0.694864	0.544566	0.34628	0.266294	0.9588	1.583179	0.278504	0.290472	0.070653	8.073021	0.142411	-0.173491	1.176883	2.978199	0.262534	0.223075	0.57474	0.230821	0.213955	-0.128213	0.940355	5.40283	0.329418	0.350313	-0.154327	-1.7465	0.760989	-0.202724	-0.045894	29.058824	0.070623	-0.026868	0.818182	0.746154
ATVI	2.751754	0.119805	-0.499485	0.239856	-0.00085	-0.157538	-0.098674	-0.113623	0.040586	-0.038562	0.033747	0.140025	0.119805	0.563551	0.914752	0.147223	0.261242	0.457295	10.573554	0.150196	-0.123904	0.608052	1.070065	0.140611	0.231249	-0.121066	3.516354	0.260867	-0.277622	0.492308	2.021724	0.168384	0.342031	1.157711	1.16535	0.921084	-0.264527	-0.054316	49.162162	0.062274	-0.028469	0.727273	0.807692
AVGO	8.84546	0.216186	-0.487882	0.443111	0.001891	0.062901	0.138394	0.137718	0.395064	0.131206	0.140878	0.251498	0.216186	0.78069	1.266412	0.245465	0.314421	-0.083742	11.300101	0.158332	-0.199125	0.927231	2.001418	0.2263	0.24406	0.47998	1.662284	0.266854	-0.209672	0.869172	6.510517	0.262135	0.301592	0.784549	0.60663	0.902225	-0.100561	-0.052448	40.647727	0.070188	-0.031025	0.727273	0.769231
BIDU	0.336387	0.025126	-0.595955	0.04216	0.045086	-0.137259	-0.356803	-0.241104	0.377093	0.131617	0.079608	0.008824	0.025126	0.231018	0.364016	0.067873	0.293798	0.379898	12.803023	0.155648	-0.149981	0.221283	0.425884	0.066942	0.30252	1.950478	12.670211	0.555736	-0.266614	0.209044	0.545678	0.067383	0.32234	1.039317	1.487742	0.793681	-0.370204	-0.115252	164.304348	0.086288	-0.027847	0.363636	0.461538
BIIB	2.035572	0.099688	-0.562228	0.177309	-0.11536	-0.096133	-0.040723	-0.07804	-0.158813	-0.071428	-0.061505	0.087643	0.099688	0.464342	0.782333	0.138463	0.298191	3.519982	133.291144	0.439722	-0.281658	0.505533	0.975344	0.12489	0.247045	0.758664	3.652295	0.329112	-0.210823	0.428551	2.329766	0.144878	0.338065	1.405466	1.433758	0.91002	-0.170352	-0.048039	57.952381	0.073782	-0.027041	0.545455	0.538462
BKNG	2.182556	0.104147	-0.454594	0.229099	0.002229	-0.008448	-0.027215	0.064983	0.064983	0.05068	0.09273	0.103618	0.104147	0.535889	0.816472	0.127813	0.238507	-0.64968	15.439125	0.112427	-0.172814	0.554769	1.01586	0.124245	0.223958	0.234702	1.61872	0.197448	-0.177872	0.654387	2.843585	0.124815	0.190736	0.973592	1.36859	0.546745	-0.141776	-0.054576	79.173913	0.060671	-0.027385	0.727273	0.707692
CDNS	14.468688	0.264131	-0.321169	0.822402	0.020736	0.298498	0.31518	0.223118	0.632459	0.53096	0.459109	0.326018	0.264131	0.994107	1.656583	0.271876	0.273488	0.37157	9.577548	0.153656	-0.12598	1.202851	2.925777	0.259255	0.215534	0.575748	0.994845	0.228498	-0.135755	1.02585	inf	0.311122	0.303282	1.217119	0.674648	0.966983	0.03775	-0.042077	23.088435	0.060396	-0.030117	1	0.915385
CDW	3.573713	0.203487	-0.449904	0.45229	-0.01306	0.182659	0.265586	0.233036	0.287349	0.148346	0.248265	0	0.203487	0.872215	1.371755	0.216228	0.247907	-0.180208	14.036136	0.121479	-0.14146	0.994692	1.910274	0.20697	0.208074	-0.072198	1.335088	0.187947	-0.183416	0.858261	2.805593	0.237166	0.276334	0.33077	2.613686	0.762359	-0.239097	-0.043952	31.16	0.05588	-0.029112	0.875	0.842697
CERN	0.816386	0.052405	-0.508864	0.102983	-0.024885	-0.08177	0.008643	-0.089675	-0.012001	0.010808	-0.046769	0.036006	0.052405	0.343474	0.55925	0.074517	0.216951	0.666268	11.392881	0.132809	-0.084267	0.373073	0.633587	0.067485	0.180889	0.056553	2.107987	0.212511	-0.150219	0.364904	0.905542	0.072764	0.199405	0.178591	-0.356556	0.438261	-0.244912	-0.048507	62.322034	0.047314	-0.026568	0.636364	0.638462
CHKP	-0.032889	-0.002858	-0.505909	-0.005649	-0.035896	0.007234	0.058458	-0.088699	0.025569	-0.12059	-0.071963	-0.010018	-0.002858	0.08697	0.130081	0.017538	0.201657	-0.257114	17.566524	0.141608	-0.12488	0.055459	0.088577	0.008284	0.149365	-0.141754	1.187737	0.129407	-0.136985	0.022752	0.045978	0.002551	0.112106	0.481418	-0.272289	0.218139	-0.163375	-0.051425	90.95122	0.038916	-0.023312	0.454545	0.492308
CHTR	11.718399	0.243192	-0.345756	0.703362	-0.036171	0.152595	0.251241	0.18981	0.303046	0.314824	0.187472	0.289892	0.243192	0.989136	1.654693	0.250366	0.253116	0.11705	9.00718	0.118258	-0.143286	1.085243	2.528512	0.244318	0.225127	0.413435	0.038011	0.205925	-0.128298	1.156851	5.541454	0.281279	0.243142	0.381598	1.761237	0.793801	-0.168349	-0.0398	29.777778	0.065203	-0.031382	0.909091	0.853846
CMCSA	1.654055	0.08712	-0.449463	0.193832	-0.022742	0.047703	0.036532	0.174023	0.28981	0.012764	0.013913	0.12248	0.08712	0.512247	0.807995	0.104332	0.203676	0.03415	8.751562	0.125642	-0.08365	0.5538	0.962325	0.100194	0.180921	-0.06466	1.586949	0.189394	-0.149639	0.492521	1.384591	0.114913	0.233316	0.41984	0.581724	0.575706	-0.272073	-0.040684	44.9375	0.043616	-0.030075	0.636364	0.623077
COST	4.50517	0.157162	-0.222022	0.707867	0.02123	0.214485	0.436433	0.234567	0.370011	0.241281	0.223851	0.176655	0.157162	0.88963	1.435053	0.162856	0.183061	-0.066374	9.647369	0.099594	-0.085868	1.025874	2.052473	0.158898	0.15489	-0.04275	0.432195	0.144959	-0.119206	1.37819	9.540683	0.173836	0.126134	0.429632	1.974127	0.442835	-0.060431	-0.032257	29.322034	0.040991	-0.027165	0.909091	0.9
CPRT	10.840397	0.235541	-0.437512	0.538366	-0.007553	0.155733	0.318027	0.12558	0.404904	0.295195	0.41588	0.280347	0.235541	1.018561	1.639564	0.239323	0.234962	0.080126	17.474375	0.173528	-0.140591	1.044268	1.904436	0.23996	0.229788	-0.266927	1.826479	0.217288	-0.198725	0.99725	13.705607	0.27712	0.277884	1.111372	1.477086	0.903306	-0.066243	-0.030273	22.892617	0.056544	-0.036485	0.818182	0.869231
CRWD	1.268717	0.439092	-0.282848	1.552393	-0.067614	0.146102	0.344543	0.236892	1.025458	0.439092	0	0	0.439092	1.156124	2.007473	0.43282	0.374372	0.836318	7.442095	0.142838	-0.107478	1.187868	3.369429	0.424764	0.357585	1.575301	4.354775	0.381899	-0.155041	1.267974	inf	0.53555	0.422367	0	0	0.834208	0.236892	-0.097133	22.0625	0.116049	-0.020051	1	0.823529
CSCO	0.872701	0.055158	-0.246814	0.22348	-0.019146	0.051971	0.113696	0.150177	0.150177	0.037893	0.108667	0.064775	0.055158	0.394946	0.593897	0.069101	0.174963	-0.537987	15.852132	0.096253	-0.109583	0.391212	0.641576	0.069798	0.178416	-0.143331	3.072097	0.19399	-0.18998	0.504386	1.758288	0.065896	0.130647	0.261732	-1.514648	0.267372	-0.106706	-0.042861	60.796296	0.043336	-0.023154	0.545455	0.553846
CSX	0.816976	0.052434	-0.467487	0.112161	-0.04857	-0.039515	-0.007907	0.02314	0.224607	-0.075559	0.140653	0.084659	0.052434	0.332419	0.522669	0.079662	0.239642	0.982925	34.220392	0.234	-0.155505	0.345789	0.623026	0.072897	0.210814	0.64721	4.155626	0.291119	-0.186656	0.343999	0.85997	0.076197	0.221502	0.485504	0.502416	0.531028	-0.253932	-0.052651	75.408163	0.054932	-0.027478	0.636364	0.569231
CTAS	10.515648	0.232604	-0.483797	0.48079	0.020062	0.149807	0.143522	0.142163	0.271601	0.141634	0.227324	0.264666	0.232604	1.011126	1.614246	0.236898	0.234291	-0.320667	18.56486	0.106617	-0.16861	1.116463	1.88207	0.234282	0.209843	-1.074086	11.274695	0.280626	-0.350603	1.54489	inf	0.258467	0.167305	0.771635	0.338065	0.601762	0.038284	-0.028279	19.755952	0.049239	-0.029254	1	0.907692
CTSH	0.712507	0.047114	-0.474541	0.099283	-0.000655	0.071518	0.003157	-0.069432	0.163208	0.056859	0.065277	0.075718	0.047114	0.332064	0.496311	0.065853	0.198314	-0.64248	14.75021	0.099275	-0.12625	0.358747	0.631822	0.059991	0.167223	0.188658	1.404608	0.154442	-0.154262	0.435208	0.882883	0.058278	0.133908	-0.5679	0.619002	0.266982	-0.216365	-0.056195	88.857143	0.051231	-0.019895	0.727273	0.638462
DLTR	0.310862	0.023435	-0.54411	0.043071	-0.003645	-0.095184	-0.163403	-0.156441	-0.156441	-0.139314	-0.114669	-0.008828	0.023435	0.217424	0.309259	0.047424	0.21812	-1.829671	26.879966	0.127742	-0.155405	0.216298	0.338337	0.044903	0.207599	-0.245275	1.656361	0.166906	-0.174363	0.194115	0.550556	0.046863	0.24142	1.652397	3.908681	0.658217	-0.233802	-0.035124	59.258065	0.048011	-0.03044	0.454545	0.5
DOCU	3.09135	0.517933	-0.329757	1.570651	-0.06444	0.140157	0.303187	0.246734	0.345708	0.599223	0	0	0.517933	1.199979	2.059596	0.505271	0.421067	0.994797	11.962999	0.205377	-0.147134	1.323262	5.269617	0.474165	0.35833	1.824733	3.628447	0.38661	-0.10681	0.736793	inf	0.780097	1.058774	1.691629	0	1.999482	0.094074	-0.064013	24.1	0.130686	-0.018837	1	0.774194
DXCM	8.942613	0.217208	-0.658485	0.329861	0.0377	0.149388	0.286743	0.240351	0.175793	0.467215	0.211018	0.284078	0.217208	0.696332	1.180898	0.271387	0.389738	1.408255	24.110541	0.306465	-0.192376	0.71851	1.645548	0.256353	0.356784	1.456491	5.701151	0.517696	-0.224752	0.591402	2.35154	0.343251	0.580402	0.825701	0.990012	1.605581	-0.453968	-0.063171	49.958904	0.102734	-0.037908	0.636364	0.630769
EA	6.408619	0.186946	-0.374276	0.499487	-0.000551	-0.003639	0.115355	0.010655	0.140421	0.114565	0.141806	0.208203	0.186946	0.760846	1.307344	0.208555	0.27411	1.418555	17.979565	0.210336	-0.097883	0.799947	1.861475	0.20305	0.253829	1.102266	2.499219	0.305502	-0.155426	0.720897	4.086242	0.232653	0.322727	1.671324	4.023547	1.049678	-0.188834	-0.051299	39.366667	0.073106	-0.026463	0.909091	0.753846
EBAY	1.23794	0.07137	-0.319677	0.223258	-0.054469	0.087039	0.311159	0.443967	0.386839	0.162926	0.074846	0.094066	0.07137	0.400892	0.636447	0.100104	0.249704	0.284743	12.743056	0.139198	-0.124526	0.445074	0.861287	0.088625	0.199124	0.338184	0.336612	0.160393	-0.146287	0.398039	1.291857	0.100123	0.25154	1.0351	1.134693	0.636586	-0.259202	-0.071542	86.325581	0.060831	-0.027197	0.545455	0.530769
EXC	-0.127868	-0.01164	-0.445391	-0.026135	0.018156	0.068507	0.111828	0.111828	0.111828	-0.076993	0.018884	-0.011498	-0.01164	0.015291	0.022042	0.002584	0.168954	0.268947	70.618268	0.179939	-0.160889	-0.036781	-0.05098	-0.004406	0.119783	-0.994039	4.057447	0.091664	-0.146136	-0.024748	-0.034729	-0.003313	0.133866	-1.032575	1.725069	0.168643	-0.307829	-0.0525	152.166667	0.034077	-0.013667	0.545455	0.369231
FAST	1.371183	0.076686	-0.460773	0.166429	-0.040645	0.017084	0.160997	0.097276	0.218835	0.163146	0.179876	0.081548	0.076686	0.430057	0.682917	0.101891	0.236924	0.518864	14.165451	0.1715	-0.110215	0.442141	0.845865	0.098192	0.222084	0.477109	0.956525	0.216007	-0.134565	0.523154	2.687278	0.094256	0.180169	0.954897	-0.058314	0.439985	-0.094417	-0.042184	71.288462	0.066508	-0.02844	0.545455	0.615385
FB	5.562061	0.223755	-0.441544	0.506755	-0.001819	0.139051	0.429547	0.386321	0.412537	0.187206	0.164024	0.223755	0.223755	0.85101	1.358652	0.243355	0.28596	-0.154229	13.731629	0.155213	-0.189609	1.014728	2.215487	0.227347	0.224047	0.484538	0.944803	0.227267	-0.133366	1.206248	5.331061	0.248838	0.206291	-0.591447	0.119392	0.533764	-0.140031	-0.04242	27.181818	0.064962	-0.027071	0.888889	0.813725
FISV	4.283946	0.153108	-0.378481	0.404532	-0.060361	0.010868	-0.094048	-0.137921	0.026004	0.053063	0.131844	0.202557	0.153108	0.784391	1.217899	0.164754	0.21004	-0.480566	18.611395	0.125325	-0.166699	0.928938	1.894481	0.157526	0.169576	0.370803	1.614945	0.18388	-0.131401	0.824383	4.076456	0.181957	0.220719	0.354111	-0.282174	0.573411	-0.137921	-0.025082	20.962733	0.044217	-0.025985	0.727273	0.815385
FOX	-0.048571	-0.019722	-0.128107	-0.153946	-0.038405	-0.071388	-0.048571	-0.048571	-0.048571	-0.019722	0	0	-0.019722	-0.180628	-0.27561	-0.015987	0.088511	1.126255	20.019093	0.050551	-0.032044	-0.302329	-0.40151	-0.018144	0.060013	-0.58041	4.872885	0.041816	-0.055681	-0.707107	-0.707107	-0.024285	0.034345	0	0	0	-0.048571	-0.039003	29.4	0.040622	-0.004522	0	0.15
FOXA	-0.01019	-0.004085	-0.105844	-0.038591	-0.040063	-0.040832	-0.01019	-0.01019	-0.01019	-0.004085	0	0	-0.004085	0.006304	0.009976	0.000614	0.097333	1.807025	31.139245	0.065882	-0.038631	-0.052901	-0.079256	-0.002772	0.052398	0.330526	6.501553	0.049915	-0.040063	-0.707107	-0.707107	-0.005095	0.007205	0	0	0	-0.01019	-0.031233	24.166667	0.040242	-0.003122	0	0.2
GILD	2.872386	0.122842	-0.384435	0.319538	0	0	0	0	-0.041556	-0.01143	-0.020178	0.156489	0.122842	0.634403	0.988882	0.140522	0.221503	-0.030533	18.543862	0.137208	-0.143384	0.666512	1.351484	0.136928	0.20544	0.677552	1.870443	0.19758	-0.153146	0.457769	2.918021	0.178769	0.390521	1.593233	1.650681	1.044919	-0.157082	-0.044032	52.253731	0.068986	-0.018629	0.545455	0.553846
GOOG	3.99337	0.14754	-0.3321	0.444262	-0.02434	0.125626	0.381144	0.620095	0.852544	0.216789	0.219659	0.189329	0.14754	0.722112	1.149014	0.163238	0.226056	0.245493	11.962944	0.137962	-0.110972	0.771326	1.598752	0.159266	0.206483	0.45449	0.82264	0.192127	-0.131758	0.729205	8.954158	0.1787	0.245062	0.962627	-0.401454	0.620095	-0.059656	-0.033873	36.947917	0.054642	-0.030531	0.727273	0.684615
GOOGL	3.748495	0.142612	-0.346945	0.411051	-0.026405	0.156993	0.383613	0.607386	0.845962	0.205632	0.20664	0.18336	0.142612	0.703243	1.115963	0.158926	0.225991	0.200576	11.974747	0.137942	-0.116277	0.752354	1.543799	0.154796	0.205749	0.415557	0.695926	0.192114	-0.132321	0.716912	9.309484	0.172679	0.240866	1.030018	-0.241191	0.607386	-0.053934	-0.033981	38.597826	0.054842	-0.030259	0.727273	0.669231
HON	1.486041	0.081053	-0.474232	0.170915	-0.041134	-0.017148	0.044429	0.069339	0.347105	-0.01213	0.068954	0.122676	0.081053	0.48292	0.75824	0.099015	0.205034	0.079725	17.031943	0.150683	-0.120868	0.542096	0.982718	0.092542	0.170711	0.531627	4.980026	0.236235	-0.175001	0.595672	2.518703	0.096537	0.162064	1.032387	1.007657	0.439567	-0.101149	-0.030053	37.978723	0.038792	-0.026152	0.727273	0.692308
IDXX	13.306379	0.255708	-0.371271	0.688737	0.011651	0.174116	0.39451	0.363572	0.853402	0.404216	0.436597	0.312	0.255708	1.021885	1.63033	0.260493	0.254914	-0.14611	12.688566	0.132488	-0.17074	1.101674	2.36294	0.256483	0.232812	0.263317	1.056998	0.204717	-0.188435	1.145085	111.756379	0.294928	0.25756	1.256456	2.72338	0.914246	-0.008753	-0.042488	28.561983	0.06285	-0.033929	0.909091	0.853846
ILMN	1.802699	0.092202	-0.665639	0.138517	0.002297	0.016729	0.147085	0.245917	0.203549	-0.041581	0.1079	0.145019	0.092202	0.440661	0.650224	0.140412	0.318639	-1.488536	30.884442	0.148272	-0.319308	0.437103	0.789026	0.135641	0.310318	0.403315	2.357205	0.374441	-0.25171	0.416371	1.032498	0.166772	0.400536	0.272212	0.460793	0.915279	-0.544964	-0.073482	73.58	0.082635	-0.040654	0.636364	0.576923
INCY	0.64423	0.043474	-0.717496	0.060592	0	0	0.057944	-0.093873	-0.107014	-0.106815	-0.116211	0.038549	0.043474	0.296701	0.467495	0.102562	0.345676	-0.139142	7.951525	0.130412	-0.214687	0.291424	0.506886	0.088765	0.30459	0.283005	3.762102	0.367175	-0.349377	0.250467	0.894985	0.111318	0.444443	1.638832	2.861716	1.197499	-0.307975	-0.076644	84.659091	0.089387	-0.036751	0.454545	0.430769
INTC	-0.175536	-0.016383	-0.513804	-0.031885	0.003167	-0.020783	-0.129548	-0.129548	-0.174203	-0.134959	-0.070484	-0.01553	-0.016383	0.050821	0.076337	0.012139	0.238858	-0.156975	29.78698	0.195205	-0.180409	0.007637	0.01158	0.00144	0.188498	-0.338521	2.069028	0.149952	-0.202239	-0.009643	-0.018083	-0.001816	0.188288	0.660129	0.685556	0.397911	-0.252045	-0.074902	121.741935	0.048269	-0.026629	0.545455	0.5
INTU	8.937139	0.217151	-0.362846	0.598465	0.002243	0.203784	0.482103	0.493691	0.770898	0.314904	0.361228	0.270157	0.217151	0.909334	1.468951	0.228134	0.250881	0.217969	17.283312	0.200799	-0.144765	1.141574	2.239567	0.216186	0.189375	-0.243558	1.312709	0.173086	-0.189275	1.702887	inf	0.239441	0.140609	0.060784	-0.247841	0.493691	0.022753	-0.034452	23.178082	0.051658	-0.030972	1	0.884615
ISRG	5.107582	0.167491	-0.466742	0.358852	-0.028558	0.191253	0.421809	0.251005	0.450439	0.085641	0.2497	0.191619	0.167491	0.737365	1.166562	0.187194	0.253869	0.150149	13.191159	0.174413	-0.141582	0.835148	1.738412	0.17809	0.213244	0.438359	0.819876	0.202853	-0.130537	0.919738	214.092133	0.1936	0.210495	1.753495	3.748979	0.72636	-0.003012	-0.036957	34.7	0.061999	-0.028441	0.818182	0.715385
JD	1.117787	0.108145	-0.41813	0.25864	0.026476	0.122337	-0.097279	-0.082593	0.08198	0.419432	0.232892	0	0.108145	0.479854	0.767135	0.154318	0.321594	0.305868	6.222921	0.144377	-0.112564	0.520301	0.920637	0.13637	0.262099	0.250073	2.495852	0.260552	-0.216469	0.345878	2.135363	0.210551	0.608744	1.972728	4.14222	1.495001	-0.24031	-0.117968	100.045455	0.079152	-0.027372	0.428571	0.448718
KDP	-0.450794	-0.049993	-0.865183	-0.057783	-0.023549	-0.003148	0.037842	0.102563	0.17676	0.044345	-0.248545	-0.062518	-0.049993	0.139846	0.162036	0.042542	0.304207	-25.851481	1157.804855	0.223932	-0.820531	0.10985	0.129006	0.031359	0.285469	-6.526676	66.543662	0.252745	-0.803172	0.065941	0.08938	0.020215	0.306567	-1.548358	4.607481	0.471257	-0.762226	-0.041284	49.849315	0.045214	-0.026643	0.636364	0.669231
KHC	0.056666	0.008952	-0.199807	0.044802	0.009447	-0.154132	-0.080485	0.061349	0.116251	0.035581	0.013193	0	0.008952	0.133129	0.204648	0.017251	0.129579	1.242138	28.865486	0.107349	-0.051361	0.13458	0.195561	0.016304	0.121145	-0.604258	5.311061	0.099504	-0.145259	0.243655	0.527959	0.009913	0.040684	-0.061311	-1.456844	0.061349	-0.044272	-0.053726	119.4	0.035473	-0.010426	0.5	0.375
KLAC	2.859545	0.122522	-0.37545	0.326335	0.031209	0.097895	0.236788	0.354008	1.02483	0.318701	0.280137	0.176629	0.122522	0.530408	0.816824	0.163108	0.307514	-0.074477	14.9794	0.171864	-0.200165	0.614368	1.159061	0.14255	0.232026	0.370169	2.075444	0.277853	-0.191478	0.751918	2.903645	0.145668	0.193729	0.09045	-1.066854	0.453135	-0.145477	-0.068161	57.650794	0.05925	-0.036865	0.818182	0.653846
LRCX	4.842341	0.163064	-0.449938	0.362414	-0.011094	-0.066576	0.153094	0.266458	1.010385	0.453553	0.393928	0.24221	0.163064	0.645501	1.018192	0.198492	0.307501	0.117809	14.487423	0.195955	-0.184277	0.746463	1.455992	0.1805	0.241807	0.509594	2.632654	0.323258	-0.182088	0.629227	1.968029	0.22613	0.359377	-0.183174	-1.24556	0.740943	-0.331619	-0.057132	48.186667	0.072776	-0.028259	0.636364	0.607692
LULU	7.889527	0.205602	-0.472921	0.434749	0.063498	0.290418	0.377281	0.222825	0.329937	0.402866	0.402233	0.195319	0.205602	0.722037	1.130919	0.245544	0.340071	-0.441011	16.859776	0.16316	-0.234385	0.732981	1.572467	0.239134	0.326249	0.720414	1.863733	0.352976	-0.208713	0.754613	3.669889	0.262644	0.348052	0.441075	-0.640948	0.90502	-0.222547	-0.053489	51.394366	0.104467	-0.036432	0.727273	0.669231
MAR	-0.243586	-0.023608	-0.642932	-0.036719	0.003699	-0.057853	-0.085174	-0.085174	-0.085174	-0.244106	-0.077537	-0.000261	-0.023608	-0.007627	-0.01078	-0.001602	0.21005	-1.039609	20.238353	0.128463	-0.1519	-0.010767	-0.014558	-0.002123	0.197194	-2.299218	16.325749	0.140113	-0.396672	0.090701	0.195893	0.032539	0.358744	0.492292	-0.188916	0.645181	-0.543329	-0.045193	78.595745	0.049741	-0.024605	0.363636	0.461538
MCHP	1.227102	0.070925	-0.498508	0.142275	0.000763	0.026329	0.114349	0.140249	0.5654	0.121352	0.146498	0.095046	0.070925	0.390194	0.586436	0.105374	0.270056	-0.570845	20.928507	0.15585	-0.202939	0.413848	0.813222	0.093276	0.225387	0.894758	5.382494	0.293945	-0.252558	0.48921	1.512694	0.089406	0.182756	0.185882	-1.419967	0.369904	-0.157085	-0.063962	74.08	0.058885	-0.02838	0.636364	0.553846
MDLZ	0.122359	0.009928	-0.422094	0.02352	-0.029643	-0.053432	-0.019215	-0.099895	-0.0783	0.021112	0.009735	0.003339	0.009928	0.157396	0.214434	0.031821	0.202172	-6.286309	184.327671	0.112807	-0.341245	0.153019	0.212081	0.026795	0.175112	-2.346072	18.168819	0.15563	-0.357914	0.142537	0.251328	0.024105	0.169115	-0.403941	0.154514	0.261878	-0.312895	-0.036236	144.884615	0.040347	-0.023176	0.636364	0.607692
MELI	1.088381	0.065047	-0.759327	0.085664	-0.010727	0.345006	0.28674	0.102743	0.774135	0.428968	0.39076	0.075632	0.065047	0.354666	0.564822	0.130192	0.367083	0.36815	8.719534	0.200165	-0.127582	0.353145	0.648974	0.119497	0.33838	0.238175	0.515861	0.279297	-0.273916	0.299889	1.294588	0.146884	0.489797	1.335829	0.585417	1.100272	-0.289706	-0.105966	236.5	0.099515	-0.046275	0.454545	0.569231
MNST	4.312499	0.15364	-0.47815	0.321321	-0.016911	0.022928	0.07293	0.037197	0.1729	0.028217	0.052578	0.132611	0.15364	0.64258	1.06443	0.182899	0.284632	1.764133	40.598142	0.304814	-0.14439	0.687777	1.520656	0.17431	0.253439	1.036719	3.835527	0.382269	-0.174066	0.701862	3.080178	0.191654	0.273065	0.476034	-0.87288	0.635135	-0.204978	-0.045199	48.266667	0.072851	-0.033195	0.818182	0.661538
MRNA	21.049743	2.064089	-0.427094	4.832868	0.19297	1.070874	2.463424	3.301513	6.807123	2.064089	0	0	2.064089	1.922215	3.688069	1.370236	0.712842	1.103014	6.519581	0.278102	-0.179667	1.520749	6.768223	1.525979	1.003439	2.186177	6.650387	1.263815	-0.316027	1.13393	inf	2.475852	2.183425	-1.458338	0	4.126044	0	-0.132967	18	0.329548	-0.041487	0.666667	0.869565
MRVL	2.01588	0.099076	-0.530208	0.186862	-0.000327	0.180887	0.427868	0.286704	0.588414	0.287252	0.255741	0.130621	0.099076	0.484809	0.771349	0.130985	0.270178	0.234872	11.566868	0.152951	-0.146292	0.541189	1.120244	0.11725	0.216653	1.110261	3.249475	0.234069	-0.14974	0.459513	1.805828	0.137066	0.298286	1.259913	1.287665	0.7899	-0.237074	-0.081583	88.238095	0.069786	-0.019598	0.636364	0.5
MSFT	4.545175	0.157879	-0.299206	0.527662	-0.020439	0.149548	0.272307	0.32951	0.439886	0.392971	0.390263	0.193104	0.157879	0.749563	1.198865	0.173547	0.231531	-0.038792	13.372207	0.142168	-0.147389	0.942654	1.89154	0.162168	0.172034	0.239851	1.134707	0.196259	-0.130246	0.848982	3.459527	0.187787	0.221191	-0.040295	-0.729794	0.552617	-0.172807	-0.030567	30.678899	0.046244	-0.025353	0.727273	0.676923
MTCH	8.771748	0.215404	-0.548643	0.392612	0.196012	0.158584	0.119373	0.087241	0.558694	0.455651	0.569098	0.224059	0.215404	0.736943	1.23443	0.254727	0.345653	0.546739	17.541464	0.241644	-0.220924	0.785317	1.604509	0.242877	0.309273	0.515636	2.035434	0.385656	-0.237229	0.702543	2.745814	0.292192	0.415906	0.307902	-0.98302	0.919798	-0.345492	-0.079094	55.223881	0.084641	-0.038868	0.727273	0.676923
MU	4.428976	0.155783	-0.525004	0.296727	-0.002714	-0.072906	-0.139444	-0.022346	0.638057	0.111564	0.233383	0.231709	0.155783	0.605803	0.926914	0.199581	0.329448	-0.416914	10.427316	0.131241	-0.198185	0.609626	1.153576	0.197247	0.323554	0.281876	2.419843	0.287398	-0.325456	0.422366	1.903692	0.305444	0.723174	1.899346	4.429355	2.174436	-0.463581	-0.077364	64.245614	0.109046	-0.030365	0.636364	0.576923
NFLX	10.29429	0.230559	-0.741002	0.311144	0.051881	0.228722	0.186664	0.107244	0.245594	0.258106	0.399678	0.27114	0.230559	0.719072	1.184977	0.286798	0.398844	1.161106	49.536179	0.422229	-0.348955	0.691345	1.361338	0.298241	0.431393	1.376379	12.75212	0.795878	-0.518019	0.47913	2.45176	0.445548	0.929912	2.298612	6.651584	3.001362	-0.608609	-0.082193	58.15873	0.101962	-0.045917	0.636364	0.738462
NTES	6.158569	0.183464	-0.417801	0.439117	-0.092075	-0.218017	-0.163197	-0.076433	-0.037582	0.211384	0.163664	0.21356	0.183464	0.660097	1.069644	0.22862	0.346342	0.012073	6.61194	0.140844	-0.14816	0.728129	1.411229	0.211087	0.289904	0.134226	0.983395	0.263965	-0.245252	0.724775	3.775419	0.232814	0.321222	0.539055	-0.529735	0.828118	-0.200568	-0.073166	48.52	0.087559	-0.039656	0.636364	0.761538
NVDA	20.556651	0.300547	-0.614614	0.489002	0.004155	0.289985	0.802817	0.721791	0.825734	0.229364	0.531512	0.4181	0.300547	0.902391	1.503382	0.328885	0.36446	0.816262	18.359452	0.298067	-0.187559	0.954319	2.095114	0.31891	0.334176	0.666723	2.21181	0.383988	-0.249769	0.628546	3.5515	0.477945	0.760397	1.243912	1.80013	2.238466	-0.359814	-0.056917	39.932584	0.099992	-0.033492	0.727273	0.669231
NXPI	9.324142	0.234083	-0.534496	0.437951	-0.013992	0.055061	0.175635	0.334002	0.723146	0.267129	0.146516	0.263069	0.234083	0.798965	1.28059	0.266215	0.3332	0.110404	15.396306	0.179055	-0.197096	0.895745	1.904171	0.249105	0.278098	0.88048	4.554778	0.38126	-0.270557	0.859894	4.402527	0.272758	0.3172	0.188324	-1.231418	0.745054	-0.159658	-0.060983	42.48	0.074923	-0.027989	0.818182	0.723577
OKTA	3.428441	0.399219	-0.355252	1.123762	-0.036494	0.143434	0.127746	-0.001101	0.279621	0.521538	0.399219	0	0.399219	0.985728	1.601005	0.432626	0.43889	0.144694	5.46921	0.194676	-0.156638	1.05316	2.29242	0.414304	0.393392	0.380313	0.445426	0.292659	-0.221656	0.925106	964.147005	0.530868	0.573846	0.361041	-3.609203	1.203839	-0.001101	-0.06919	22.978261	0.115102	-0.043067	0.75	0.883721
ORLY	5.485157	0.1735	-0.420027	0.413069	-0.002895	0.122447	0.249968	0.304844	0.261164	0.055794	0.050821	0.182837	0.1735	0.84627	1.306704	0.183956	0.217372	-0.79747	19.705227	0.093072	-0.154243	0.946874	1.894552	0.178767	0.188797	0.142767	1.511002	0.169725	-0.183522	0.870962	2.370886	0.210587	0.241786	-0.907051	0.342563	0.496538	-0.288124	-0.033214	32.842593	0.0514	-0.024875	0.818182	0.746154
PAYX	0.674759	0.045119	-0.441527	0.102188	-0.036427	0.052579	0.164722	0.220661	0.220661	0.005624	0.022416	0.077114	0.045119	0.325367	0.48236	0.063155	0.194105	-0.614407	48.559683	0.181972	-0.194795	0.369289	0.600284	0.055812	0.151135	-0.586193	2.316751	0.101192	-0.187914	0.324896	0.79292	0.064654	0.198999	0.448101	0.258302	0.463982	-0.217017	-0.045932	68.222222	0.039272	-0.023675	0.545455	0.646154
PCAR	-0.192268	-0.018107	-0.587994	-0.030795	0.009649	-0.098674	-0.144208	-0.041953	-0.002173	-0.121626	-0.057834	0.006851	-0.018107	0.006194	0.009559	0.001225	0.197747	0.396126	15.686808	0.142049	-0.106744	-0.022693	-0.035201	-0.003858	0.169984	0.035254	3.331972	0.17571	-0.170869	-0.025792	-0.048384	-0.004617	0.179013	0.217005	-1.007537	0.308773	-0.245556	-0.066277	113.909091	0.045512	-0.021328	0.454545	0.438462
PDD	2.212919	0.452051	-0.631742	0.715562	0.068086	-0.132873	-0.278857	-0.398716	0.273756	0.475462	0	0	0.452051	0.948992	1.671574	0.52355	0.55169	0.750939	8.297565	0.222496	-0.228879	0.909635	2.288376	0.511643	0.562471	1.12449	1.988529	0.542675	-0.278775	0.514477	4.976109	1.145495	2.226523	1.619744	0	3.697759	-0.398716	-0.114779	28.913043	0.16684	-0.047693	0.666667	0.857143
PEP	0.47032	0.033539	-0.29293	0.114495	-0.005946	0.053247	0.066322	-0.034564	0.04646	0.03777	0.024509	0.045585	0.033539	0.291371	0.442203	0.044924	0.154181	-0.144918	38.789893	0.129357	-0.114276	0.341872	0.572983	0.039843	0.116543	-0.144663	1.370061	0.101492	-0.093978	0.386162	1.10995	0.040414	0.104655	0.24403	-1.191898	0.212031	-0.11556	-0.03012	57.714286	0.030358	-0.016958	0.545455	0.607692
PTON	0.008374	0.004263	-0.506501	0.008417	0.141726	0.078335	0.027577	-0.246041	0.008374	0.004263	0	0	0.004263	0.237218	0.351284	0.106683	0.449725	-0.532635	9.925192	0.144742	-0.202849	0.167252	0.314452	0.056715	0.339097	1.023634	3.167403	0.303989	-0.175593	0.110763	0.262672	0.045699	0.412582	0	0	0.337438	-0.246041	-0.212197	74.75	0.14345	-0.03178	0.5	0.5
PYPL	4.466975	0.316085	-0.311917	1.01336	-0.015035	0.055107	0.174534	0.214002	0.495703	0.351871	0.405178	0	0.316085	1.049174	1.709058	0.321638	0.306563	0.170103	9.497649	0.141096	-0.158237	1.316623	3.854199	0.303286	0.230352	1.019895	1.996958	0.284727	-0.113435	1.054294	32.107	0.36167	0.343044	0.667382	-1.11107	0.865192	-0.027592	-0.038171	17.685393	0.07244	-0.024513	0.833333	0.859375
QCOM	0.157035	0.012561	-0.58137	0.021606	-0.027336	0.063028	0.115816	-0.063409	0.268931	0.052024	-0.018819	0.027127	0.012561	0.175563	0.26529	0.043991	0.25057	-0.156551	15.974878	0.1522	-0.149441	0.164708	0.26182	0.03415	0.207334	-0.185041	2.837084	0.193004	-0.226336	0.14564	0.370648	0.029537	0.20281	1.525003	3.533884	0.533319	-0.2075	-0.078939	133.166667	0.057066	-0.027277	0.545455	0.5
REGN	4.721961	0.160993	-0.671188	0.239863	0	0	0.014916	-0.016932	-0.136648	-0.116886	-0.125796	0.12196	0.160993	0.618154	1.087655	0.202053	0.326865	1.307061	21.037628	0.285954	-0.210025	0.594852	1.454515	0.200581	0.337195	2.252266	11.743408	0.63917	-0.226168	0.426898	2.630035	0.289954	0.679211	2.059645	5.059581	2.086188	-0.279832	-0.077999	71.54902	0.103741	-0.030145	0.454545	0.561538
ROST	3.307439	0.133119	-0.515628	0.258169	-0.047213	-0.04374	-0.063895	-0.035909	-0.035909	-0.040657	0.053973	0.150595	0.133119	0.622156	0.989836	0.157016	0.252374	-0.045593	23.565105	0.166287	-0.203598	0.745058	1.492543	0.144198	0.19354	0.182609	1.733415	0.1977	-0.200496	0.857478	2.265395	0.156441	0.182443	-0.828992	0.638655	0.399278	-0.229823	-0.038487	31.809091	0.056357	-0.027531	0.818182	0.776923
SBUX	3.417044	0.135559	-0.43164	0.314055	0.015746	0.063541	0.107255	0.115535	0.388155	0.212269	0.080033	0.142883	0.135559	0.670697	1.073385	0.153361	0.228659	0.177865	19.084052	0.147302	-0.162042	0.767812	1.5055	0.145586	0.189612	0.23924	1.38151	0.167173	-0.1618	0.768307	3.529517	0.162052	0.210921	0.135311	-1.471018	0.46168	-0.136697	-0.040331	48.891892	0.051118	-0.024688	0.727273	0.669231
SGEN	3.436046	0.135976	-0.636708	0.213561	0	0	0.029755	-0.120702	0.055155	0.211707	0.124304	0.140761	0.135976	0.531402	0.851149	0.194878	0.366725	0.079669	8.394514	0.189772	-0.179871	0.530825	1.008088	0.192133	0.361952	0.349195	1.350294	0.329443	-0.272167	0.562437	2.913746	0.183879	0.326932	0.578329	-1.424027	0.721615	-0.164637	-0.080192	72.88	0.097309	-0.04861	0.636364	0.646154
SIRI	1.023835	0.06219	-0.49476	0.125697	-0.043062	-0.103139	-0.009901	-0.009901	-0.009901	-0.113405	0.037498	0.07811	0.06219	0.368787	0.572363	0.090791	0.246188	-0.250782	12.314301	0.114754	-0.138983	0.38573	0.674834	0.084061	0.217926	0.176108	2.742651	0.20606	-0.22082	0.600566	1.264876	0.072777	0.121181	-0.649142	1.299632	0.244072	-0.191565	-0.055135	69.339623	0.058394	-0.026247	0.818182	0.623077
SNPS	8.999732	0.217805	-0.342499	0.635929	0.000752	0.268704	0.45293	0.282553	0.635616	0.438447	0.389478	0.269105	0.217805	0.981044	1.568108	0.22314	0.227452	-0.142088	9.352379	0.111999	-0.131888	1.153293	2.867991	0.215718	0.187046	0.694693	1.007646	0.219965	-0.092079	0.951928	15.448551	0.2569	0.269874	1.125084	1.298334	0.862337	-0.055077	-0.032392	22.846667	0.053215	-0.025092	0.818182	0.869231
SPLK	0.28617	0.027146	-0.577063	0.047041	0	0	0.009969	-0.20391	-0.29861	-0.174776	-0.009254	0.027146	0.027146	0.259956	0.391999	0.096907	0.372783	-0.167973	21.555801	0.228043	-0.232514	0.243629	0.412351	0.080386	0.329951	0.293498	2.107677	0.333506	-0.236674	0.215014	0.552967	0.059653	0.277437	0.480823	-1.123269	0.524973	-0.253164	-0.084155	81.194444	0.082208	-0.047073	0.555556	0.466019
SWKS	0.810251	0.0521	-0.607322	0.085786	-0.033412	0.046749	0.057674	0.159923	0.311307	0.143662	0.08238	0.119908	0.0521	0.319351	0.49434	0.106262	0.332744	0.109224	14.366095	0.189594	-0.184868	0.327301	0.564625	0.082637	0.252481	0.049253	1.187539	0.228949	-0.226523	0.254919	0.930348	0.128351	0.503496	2.503978	7.697848	1.545812	-0.450069	-0.073521	134.678571	0.081141	-0.03064	0.636364	0.469231
TCOM	0.186096	0.014713	-0.596907	0.024648	0.039357	-0.152219	-0.21051	-0.265892	-0.13845	-0.068144	-0.047914	0.03399	0.014713	0.195117	0.327794	0.058223	0.298399	1.92468	23.991792	0.24794	-0.109382	0.191181	0.348364	0.056556	0.295825	0.950385	4.603566	0.366995	-0.268753	0.165353	0.380066	0.04293	0.259627	1.042759	1.951677	0.634387	-0.308975	-0.151051	268.285714	0.092971	-0.029367	0.454545	0.461538
TEAM	12.134049	0.564026	-0.301851	1.868558	0.035171	0.592765	0.683592	0.624706	1.238804	0.628444	0.674772	0	0.564026	1.364458	2.347587	0.519689	0.380876	1.056645	14.393877	0.246459	-0.142996	1.551141	4.630425	0.504412	0.325188	0.925318	2.037807	0.376101	-0.210422	1.578999	inf	0.574791	0.364022	-0.596005	-0.234111	0.954742	0	-0.05914	19.273973	0.110568	-0.024541	0.833333	0.932203
TMUS	1.95502	0.09716	-0.632673	0.153571	-0.045322	-0.107159	0.026685	-0.029959	0.170872	0.214649	0.184218	0.149801	0.09716	0.474075	0.688117	0.135705	0.286252	-2.799644	63.436704	0.117827	-0.365883	0.491549	0.897239	0.125398	0.255108	0.314983	5.30332	0.297213	-0.314495	0.381696	1.274435	0.183701	0.481275	1.152658	1.516641	1.263701	-0.462832	-0.05033	66	0.062932	-0.03249	0.545455	0.661538
TSLA	17.905949	0.300016	-0.835439	0.359111	0.000748	0.206763	0.102102	0.043363	0.982737	0.437026	0.289562	0.372982	0.300016	0.79302	1.314609	0.372402	0.469599	0.451641	10.10515	0.24395	-0.210628	0.715567	2.047596	0.380677	0.531993	2.243833	7.964476	0.810704	-0.224245	0.46478	5.337962	0.64283	1.383087	1.77992	1.746031	3.523586	-0.322551	-0.093084	66.169811	0.162609	-0.045269	0.545455	0.528
TXN	2.266998	0.106624	-0.321111	0.332048	-0.001362	0.014096	0.125309	0.161578	0.389675	0.138795	0.187086	0.158471	0.106624	0.551647	0.858195	0.128593	0.233108	-0.08367	8.810173	0.135293	-0.118256	0.662689	1.229359	0.117336	0.17706	0.098652	1.08217	0.161512	-0.134772	0.691328	2.056029	0.128106	0.185304	-0.267694	-0.515298	0.43126	-0.177919	-0.040508	46.883117	0.04497	-0.027484	0.727273	0.692308
VRSK	4.739202	0.161292	-0.293656	0.549256	0.018785	0.203312	0.17551	-0.009827	0.132506	0.193505	0.182345	0.182734	0.161292	0.831043	1.309436	0.170806	0.205532	-0.054726	16.64825	0.132859	-0.106791	1.011379	1.953739	0.163632	0.161791	-0.160666	0.497314	0.129882	-0.116045	1.24075	60.831657	0.180241	0.145267	0.18237	-1.693256	0.390046	-0.009827	-0.030161	25.555556	0.044763	-0.024408	0.909091	0.892308
VRSN	1.847259	0.093677	-0.328825	0.284886	0.022703	0.059864	0.058522	-0.042238	0.000189	0.071074	0.178756	0.130244	0.093677	0.494323	0.775211	0.118243	0.239202	0.134124	23.206322	0.172015	-0.15472	0.529097	0.917187	0.112795	0.213184	-0.260362	1.696687	0.16325	-0.238651	0.549282	1.693519	0.119475	0.217511	-0.025355	-1.336907	0.455808	-0.214831	-0.037646	54.104478	0.051331	-0.034998	0.636364	0.630769
VRTX	0.243179	0.018803	-0.645452	0.029131	0	0	-0.005833	-0.09858	-0.166663	-0.033812	0.08528	0.021608	0.018803	0.221423	0.403666	0.081138	0.36644	6.641645	181.443064	0.619041	-0.206943	0.208621	0.339937	0.059933	0.287283	0.210569	4.919982	0.397474	-0.278785	0.196317	0.460607	0.066076	0.336576	0.760176	0.587308	0.77323	-0.382427	-0.120321	150.16	0.07372	-0.036873	0.636364	0.530769
WBA	0.10948	0.008931	-0.484173	0.018445	-0.025615	-0.105947	-0.089317	-0.089317	-0.089317	-0.107753	-0.084436	0.028873	0.008931	0.137831	0.199533	0.023226	0.168513	-1.168115	21.74016	0.071312	-0.143371	0.137198	0.234259	0.024087	0.175562	0.418509	3.837141	0.184825	-0.202589	0.132002	0.346543	0.03045	0.230681	1.310736	1.703805	0.551991	-0.242273	-0.052505	94.1	0.063719	-0.017025	0.363636	0.353846
WDAY	0.720124	0.062734	-0.535101	0.117237	-0.020609	0.167876	0.102251	0.11651	0.213152	0.13441	0.131295	0.062734	0.062734	0.356142	0.54752	0.102223	0.287027	-0.042472	8.273145	0.151472	-0.124993	0.356528	0.652712	0.097637	0.273856	0.352321	1.866266	0.246083	-0.216189	0.358643	0.690102	0.090563	0.252515	-0.033316	2.617635	0.569473	-0.395588	-0.066597	115.875	0.087996	-0.032356	0.777778	0.556701
XEL	1.29528	0.073692	-0.297354	0.247827	0.014545	0.001723	-0.02611	-0.135957	-0.166704	0.061059	0.060866	0.084336	0.073692	0.492901	0.756716	0.086697	0.175892	-0.542929	21.366234	0.112575	-0.126916	0.59618	1.072821	0.080448	0.13494	-0.101444	0.223869	0.104638	-0.09929	0.643336	2.089009	0.085967	0.133627	0.103353	-0.538872	0.316666	-0.135957	-0.035208	41.232558	0.032957	-0.025383	0.636364	0.8
XLNX	2.184364	0.104201	-0.411801	0.253037	-0.003406	0.203971	0.305872	0.093742	0.464062	0.243745	0.227834	0.129671	0.104201	0.507846	0.820048	0.133818	0.2635	0.423796	18.051515	0.184362	-0.170768	0.531649	1.079827	0.126805	0.238513	0.914091	3.144974	0.314305	-0.148408	0.767361	2.661859	0.121424	0.158236	-0.096995	-0.519687	0.384502	-0.135647	-0.060611	68.685185	0.064579	-0.031138	0.727273	0.653846
ZM	0.47682	0.176308	-0.492386	0.358068	0.041449	-0.129865	-0.102754	-0.106185	-0.215816	0.176308	0	0	0.176308	0.561943	0.964642	0.288124	0.512728	2.838132	45.180458	0.407825	-0.173697	0.560414	1.070051	0.266424	0.475405	0.804155	3.470019	0.446027	-0.294831	0.509113	3.636454	0.273041	0.536307	0	0	0.652267	-0.106185	-0.097647	35.583333	0.136104	-0.037746	0.5	0.736842
